label,bind_avg,improving
350F,-4.84,0
350D,-4.8,0
350H,-4.8,0
350K,-4.8,0
350R,-4.8,0
380P,-4.8,0
396P,-4.8,0
398K,-4.8,0
398R,-4.8,0
400D,-4.8,0
400G,-4.8,0
400I,-4.8,0
400N,-4.8,0
400R,-4.8,0
400S,-4.8,0
400T,-4.8,0
401P,-4.8,0
401R,-4.8,0
401Y,-4.8,0
402F,-4.8,0
402G,-4.8,0
404P,-4.8,0
407D,-4.8,0
410E,-4.8,0
410R,-4.8,0
410S,-4.8,0
418D,-4.8,0
418E,-4.8,0
422E,-4.8,0
422F,-4.8,0
422H,-4.8,0
422L,-4.8,0
422V,-4.8,0
422W,-4.8,0
423A,-4.8,0
424T,-4.8,0
425D,-4.8,0
425E,-4.8,0
425H,-4.8,0
425K,-4.8,0
425W,-4.8,0
429G,-4.8,0
431A,-4.8,0
431E,-4.8,0
431H,-4.8,0
431I,-4.8,0
431K,-4.8,0
431P,-4.8,0
431W,-4.8,0
432G,-4.8,0
432Q,-4.8,0
432R,-4.8,0
433P,-4.8,0
433Q,-4.8,0
442W,-4.8,0
453P,-4.8,0
454C,-4.8,0
454P,-4.8,0
454Q,-4.8,0
461D,-4.8,0
461R,-4.8,0
473P,-4.8,0
489S,-4.8,0
491R,-4.8,0
491Y,-4.8,0
497A,-4.8,0
497E,-4.8,0
497I,-4.8,0
497K,-4.8,0
497P,-4.8,0
497R,-4.8,0
497S,-4.8,0
497T,-4.8,0
502F,-4.8,0
502L,-4.8,0
502M,-4.8,0
502R,-4.8,0
502T,-4.8,0
502V,-4.8,0
502W,-4.8,0
502Y,-4.8,0
506P,-4.8,0
507E,-4.8,0
507F,-4.8,0
507K,-4.8,0
507L,-4.8,0
507N,-4.8,0
507R,-4.8,0
507Y,-4.8,0
509D,-4.8,0
509E,-4.8,0
509G,-4.8,0
509W,-4.8,0
509Y,-4.8,0
510D,-4.8,0
510G,-4.8,0
511G,-4.8,0
511K,-4.8,0
511R,-4.8,0
512R,-4.8,0
513G,-4.8,0
513Q,-4.8,0
379D,-4.79,0
398L,-4.79,0
410W,-4.79,0
416I,-4.79,0
418N,-4.79,0
423R,-4.79,0
423S,-4.79,0
425Q,-4.79,0
429S,-4.79,0
431R,-4.79,0
433K,-4.79,0
488I,-4.79,0
512F,-4.79,0
400P,-4.78,0
423P,-4.78,0
433G,-4.78,0
488P,-4.78,0
492P,-4.78,0
497C,-4.78,0
400W,-4.77,0
422I,-4.77,0
422R,-4.77,0
423N,-4.77,0
429D,-4.77,0
433D,-4.77,0
433H,-4.77,0
454V,-4.77,0
398G,-4.76,0
401K,-4.76,0
418H,-4.76,0
418R,-4.76,0
421P,-4.76,0
513P,-4.76,0
423T,-4.75,0
425G,-4.75,0
488F,-4.75,0
491F,-4.75,0
497Q,-4.75,0
410K,-4.74,0
429N,-4.74,0
433W,-4.74,0
454H,-4.74,0
509L,-4.74,0
509M,-4.74,0
418P,-4.73,0
422K,-4.73,0
429E,-4.73,0
454L,-4.73,0
497V,-4.73,0
400K,-4.72,0
423G,-4.72,0
431D,-4.72,0
454G,-4.72,0
509P,-4.72,0
350W,-4.71,0
402K,-4.71,0
431V,-4.71,0
432D,-4.71,0
379K,-4.7,0
423D,-4.7,0
423K,-4.7,0
431F,-4.7,0
454F,-4.7,0
508G,-4.7,0
509N,-4.7,0
401W,-4.69,0
402N,-4.69,0
431N,-4.69,0
488Y,-4.69,0
502Q,-4.68,0
507I,-4.68,0
508P,-4.68,0
402D,-4.67,0
431Q,-4.67,0
442P,-4.67,0
502E,-4.67,0
512G,-4.67,0
434E,-4.66,0
502I,-4.66,0
402P,-4.65,0
413P,-4.65,0
491L,-4.65,0
505G,-4.65,0
509F,-4.65,0
418K,-4.64,0
429K,-4.64,0
401H,-4.63,0
409P,-4.63,0
425Y,-4.63,0
432P,-4.63,0
497D,-4.63,0
410A,-4.62,0
422Y,-4.62,0
433F,-4.62,0
400C,-4.61,0
431M,-4.61,0
438P,-4.61,0
488W,-4.61,0
489T,-4.61,0
507Q,-4.61,0
507W,-4.61,0
416V,-4.6,0
425R,-4.6,0
431T,-4.6,0
454D,-4.6,0
510Q,-4.6,0
510Y,-4.6,0
513R,-4.6,0
350E,-4.59,0
422P,-4.59,0
436P,-4.59,0
410G,-4.57,0
418Y,-4.57,0
423C,-4.57,0
433N,-4.57,0
431L,-4.56,0
431Y,-4.56,0
454M,-4.56,0
461W,-4.56,0
510K,-4.56,0
410H,-4.55,0
418G,-4.55,0
420P,-4.55,0
432H,-4.55,0
456D,-4.55,0
488V,-4.55,0
502P,-4.55,0
398P,-4.54,0
488D,-4.54,0
513N,-4.54,0
398C,-4.53,0
402Y,-4.53,0
422T,-4.53,0
423E,-4.53,0
510P,-4.53,0
423W,-4.52,0
425S,-4.52,0
433E,-4.52,0
379G,-4.51,0
400V,-4.5,0
411P,-4.5,0
432S,-4.5,0
510N,-4.5,0
429R,-4.49,0
491W,-4.49,0
397N,-4.48,0
410T,-4.48,0
433R,-4.48,0
433Y,-4.48,0
398Q,-4.47,0
412Y,-4.47,0
429P,-4.47,0
502H,-4.47,0
431S,-4.46,0
511D,-4.46,0
432T,-4.45,0
434P,-4.45,0
507T,-4.45,0
407N,-4.44,0
418W,-4.44,0
423Q,-4.44,0
423V,-4.43,0
507M,-4.43,0
402H,-4.42,0
406P,-4.42,0
497N,-4.42,0
510S,-4.42,0
429Q,-4.41,0
454T,-4.41,0
465P,-4.41,0
507H,-4.41,0
416P,-4.4,0
454E,-4.39,0
454I,-4.39,0
491K,-4.39,0
510R,-4.39,0
400Q,-4.38,0
502N,-4.38,0
512N,-4.38,0
401D,-4.37,0
412W,-4.37,0
397D,-4.36,0
402Q,-4.36,0
433S,-4.36,0
510W,-4.35,0
398A,-4.34,0
400E,-4.34,0
422M,-4.34,0
488L,-4.34,0
512M,-4.34,0
355L,-4.33,0
489K,-4.33,0
512K,-4.33,0
401G,-4.32,0
454S,-4.32,0
489G,-4.32,0
424W,-4.31,0
507V,-4.31,0
512W,-4.31,0
407P,-4.3,0
488G,-4.3,0
432N,-4.29,0
423H,-4.26,0
349I,-4.25,0
437F,-4.24,0
512H,-4.24,0
434R,-4.23,0
442K,-4.22,0
410Q,-4.21,0
356P,-4.2,0
511P,-4.19,0
410Y,-4.18,0
435P,-4.18,0
492G,-4.17,0
502D,-4.16,0
502K,-4.16,0
492D,-4.15,0
509A,-4.15,0
512Y,-4.15,0
350Y,-4.14,0
425N,-4.14,0
442Q,-4.14,0
454N,-4.14,0
512Q,-4.14,0
401E,-4.13,0
507D,-4.13,0
379R,-4.12,0
380G,-4.12,0
461E,-4.12,0
513S,-4.12,0
442R,-4.11,0
457W,-4.11,0
350Q,-4.1,0
505P,-4.09,0
379E,-4.06,0
454Y,-4.06,0
492A,-4.06,0
512E,-4.06,0
416F,-4.05,0
511E,-4.04,0
401N,-4.03,0
467K,-4.03,0
378P,-4.02,0
377D,-4.01,0
491I,-3.99,0
489E,-3.98,0
457P,-3.97,0
512L,-3.97,0
397P,-3.95,0
467R,-3.95,0
480M,-3.94,0
399P,-3.93,0
495G,-3.93,0
422Q,-3.9,0
454W,-3.9,0
355D,-3.89,0
432K,-3.88,0
510H,-3.88,0
412F,-3.87,0
432E,-3.87,0
480L,-3.86,0
400H,-3.84,0
480F,-3.84,0
497G,-3.84,0
429A,-3.83,0
480I,-3.81,0
511N,-3.81,0
480Q,-3.8,0
489R,-3.79,0
461K,-3.78,0
491H,-3.76,0
509I,-3.76,0
419E,-3.75,0
467P,-3.73,0
480K,-3.72,0
442G,-3.7,0
461P,-3.7,0
509C,-3.7,0
434D,-3.68,0
512P,-3.68,0
379P,-3.66,0
480H,-3.65,0
437Y,-3.62,0
480W,-3.62,0
488H,-3.61,0
488M,-3.61,0
510E,-3.61,0
513H,-3.61,0
410N,-3.6,0
400A,-3.59,0
480E,-3.59,0
488E,-3.57,0
480R,-3.56,0
480Y,-3.55,0
350M,-3.54,0
395D,-3.52,0
480P,-3.52,0
509S,-3.5,0
403F,-3.49,0
410P,-3.49,0
453D,-3.49,0
457V,-3.49,0
480T,-3.49,0
418S,-3.48,0
480N,-3.47,0
398N,-3.46,0
425P,-3.46,0
505T,-3.46,0
480A,-3.45,0
480G,-3.44,0
438L,-3.43,0
402R,-3.42,0
511S,-3.42,0
355P,-3.41,0
410D,-3.39,0
398I,-3.38,0
401F,-3.38,0
480S,-3.38,0
402E,-3.37,0
457Y,-3.37,0
489D,-3.37,0
435E,-3.36,0
401Q,-3.35,0
480V,-3.35,0
355I,-3.34,0
461G,-3.34,0
488T,-3.34,0
379N,-3.32,0
412N,-3.32,0
429T,-3.32,0
492S,-3.32,0
511H,-3.32,0
480D,-3.29,0
410F,-3.27,0
489C,-3.24,0
419D,-3.23,0
435D,-3.23,0
352P,-3.21,0
416W,-3.21,0
509Q,-3.21,0
416L,-3.2,0
511W,-3.2,0
505I,-3.19,0
429C,-3.17,0
505E,-3.17,0
513D,-3.15,0
498P,-3.14,0
513A,-3.14,0
347D,-3.13,0
412D,-3.12,0
423L,-3.11,0
502C,-3.11,0
407H,-3.09,0
488N,-3.09,0
492E,-3.08,0
508D,-3.08,0
404W,-3.07,0
497H,-3.07,0
505D,-3.07,0
507G,-3.07,0
380D,-3.05,0
457F,-3.05,0
425A,-3.04,0
454A,-3.04,0
355F,-3.01,0
355Y,-3,0
438W,-2.99,0
511Q,-2.99,0
379Q,-2.98,0
351R,-2.97,0
488A,-2.97,0
437W,-2.96,0
434N,-2.93,0
488K,-2.93,0
515D,-2.93,0
416R,-2.89,0
398W,-2.88,0
436D,-2.86,0
506Y,-2.86,0
488Q,-2.84,0
488R,-2.84,0
488S,-2.84,0
403W,-2.82,0
457I,-2.82,0
442A,-2.8,0
442N,-2.8,0
502A,-2.8,0
438F,-2.79,0
501K,-2.79,0
404I,-2.78,0
457E,-2.78,0
506F,-2.78,0
423M,-2.77,0
431C,-2.77,0
487I,-2.77,0
435R,-2.76,0
353T,-2.75,0
416Y,-2.74,0
473G,-2.74,0
351D,-2.72,0
473D,-2.72,0
467L,-2.71,0
505K,-2.71,0
442F,-2.7,0
502S,-2.7,0
419W,-2.69,0
456P,-2.69,0
353N,-2.68,0
467W,-2.67,0
495P,-2.67,0
418F,-2.66,0
439E,-2.66,0
353I,-2.65,0
422D,-2.64,0
442S,-2.64,0
487P,-2.64,0
506D,-2.64,0
407G,-2.63,0
442C,-2.61,0
495D,-2.61,0
495E,-2.6,0
442H,-2.59,0
473K,-2.59,0
473R,-2.59,0
469P,-2.57,0
489N,-2.57,0
404V,-2.56,0
424E,-2.56,0
438Y,-2.56,0
476P,-2.56,0
451D,-2.54,0
506I,-2.53,0
397R,-2.52,0
443E,-2.52,0
513E,-2.52,0
514P,-2.52,0
476L,-2.51,0
505L,-2.51,0
513K,-2.51,0
351K,-2.5,0
379H,-2.5,0
509V,-2.49,0
422G,-2.48,0
442Y,-2.48,0
404T,-2.47,0
487V,-2.47,0
505R,-2.47,0
353K,-2.46,0
404D,-2.46,0
443P,-2.46,0
489A,-2.46,0
505V,-2.46,0
422C,-2.45,0
456E,-2.45,0
350N,-2.44,0
438H,-2.44,0
495S,-2.43,0
505A,-2.43,0
432Y,-2.42,0
442T,-2.42,0
456S,-2.42,0
501D,-2.42,0
442M,-2.41,0
487C,-2.41,0
353D,-2.39,0
438I,-2.39,0
438K,-2.39,0
439P,-2.39,0
443W,-2.39,0
487W,-2.39,0
355V,-2.38,0
456N,-2.38,0
443I,-2.37,0
443L,-2.37,0
451G,-2.37,0
505S,-2.37,0
506G,-2.37,0
416C,-2.36,0
505C,-2.36,0
402W,-2.35,0
412C,-2.35,0
495A,-2.35,0
497M,-2.35,0
403Y,-2.34,0
491D,-2.34,0
495C,-2.33,0
496E,-2.33,0
412H,-2.32,0
505M,-2.32,0
506V,-2.32,0
476I,-2.31,0
507C,-2.31,0
487K,-2.3,0
487R,-2.3,0
487Y,-2.3,0
500I,-2.3,0
404L,-2.29,0
443F,-2.29,0
487F,-2.29,0
505Q,-2.29,0
506T,-2.29,0
506W,-2.29,0
419L,-2.28,0
467M,-2.27,0
511Y,-2.27,0
402S,-2.26,0
438D,-2.26,0
475W,-2.26,0
489P,-2.26,0
498K,-2.26,0
455D,-2.25,0
473N,-2.23,0
416K,-2.22,0
456G,-2.22,0
461H,-2.22,0
489I,-2.22,0
403D,-2.21,0
437I,-2.21,0
438E,-2.21,0
496D,-2.21,0
412E,-2.2,0
487L,-2.2,0
489L,-2.2,0
489Q,-2.2,0
506E,-2.2,0
403H,-2.19,0
358P,-2.18,0
434K,-2.18,0
443N,-2.18,0
443R,-2.18,0
473A,-2.18,0
353G,-2.17,0
443Y,-2.17,0
456A,-2.17,0
472G,-2.17,0
423I,-2.16,0
443M,-2.16,0
347N,-2.15,0
353L,-2.15,0
355G,-2.15,0
437L,-2.15,0
457C,-2.15,0
457D,-2.15,0
489V,-2.15,0
443Q,-2.14,0
464P,-2.14,0
495K,-2.14,0
495T,-2.14,0
473S,-2.13,0
377E,-2.12,0
406I,-2.12,0
443K,-2.12,0
487M,-2.12,0
496F,-2.12,0
403E,-2.11,0
430P,-2.11,0
461Q,-2.11,0
355M,-2.1,0
473C,-2.1,0
496P,-2.1,0
472D,-2.09,0
487Q,-2.09,0
398S,-2.08,0
398V,-2.08,0
421E,-2.08,0
456R,-2.08,0
501R,-2.08,0
456Q,-2.07,0
506C,-2.07,0
443D,-2.06,0
487E,-2.06,0
509T,-2.06,0
455E,-2.05,0
491N,-2.05,0
497L,-2.05,0
419K,-2.04,0
349F,-2.03,0
395P,-2.03,0
403V,-2.03,0
416M,-2.03,0
424I,-2.03,0
416T,-2.02,0
491M,-2.02,0
406R,-2.01,0
416E,-2.01,0
475D,-2.01,0
399H,-2,0
496Y,-2,0
505N,-2,0
455K,-1.99,0
500D,-1.99,0
355W,-1.98,0
475H,-1.98,0
489M,-1.98,0
495Q,-1.98,0
404F,-1.97,0
435K,-1.97,0
443H,-1.97,0
443V,-1.97,0
476V,-1.96,0
473Q,-1.95,0
501P,-1.95,0
513W,-1.95,0
513C,-1.94,0
416Q,-1.93,0
487T,-1.93,0
349V,-1.92,0
349L,-1.91,0
495V,-1.91,0
349W,-1.9,0
350G,-1.9,0
380A,-1.9,0
492W,-1.9,0
513T,-1.9,0
437H,-1.89,0
476C,-1.89,0
500V,-1.89,0
515N,-1.89,0
355C,-1.88,0
432A,-1.88,0
377G,-1.87,0
447H,-1.87,0
487H,-1.87,0
409I,-1.86,0
457T,-1.86,0
473E,-1.86,0
473T,-1.85,0
353E,-1.83,0
418Q,-1.82,0
358D,-1.81,0
447P,-1.81,0
497W,-1.81,0
349Y,-1.8,0
380E,-1.8,0
511F,-1.8,0
342P,-1.79,0
407W,-1.78,0
447C,-1.78,0
513Y,-1.78,0
424P,-1.77,0
426W,-1.77,0
433C,-1.77,0
491V,-1.77,0
510F,-1.77,0
447D,-1.76,0
401S,-1.75,0
424D,-1.75,0
426I,-1.75,0
447W,-1.74,0
487A,-1.74,0
403I,-1.73,0
449C,-1.73,0
398F,-1.72,0
421D,-1.72,0
403G,-1.7,0
496L,-1.7,0
350L,-1.69,0
475Y,-1.69,0
486D,-1.69,0
353M,-1.68,0
447F,-1.68,0
476K,-1.68,0
341K,-1.67,0
475N,-1.67,0
476M,-1.67,0
504I,-1.67,0
338R,-1.66,0
407E,-1.66,0
351G,-1.65,0
448P,-1.65,0
456T,-1.65,0
457L,-1.65,0
495L,-1.65,0
496K,-1.65,0
447E,-1.63,0
467T,-1.63,0
486E,-1.63,0
496R,-1.63,0
496W,-1.63,0
353R,-1.62,0
437M,-1.62,0
475P,-1.62,0
496M,-1.62,0
506R,-1.62,0
379S,-1.61,0
400L,-1.61,0
342N,-1.6,0
347K,-1.6,0
412G,-1.6,0
426F,-1.6,0
455R,-1.6,0
467Q,-1.6,0
500C,-1.6,0
512D,-1.6,0
398E,-1.59,0
447Q,-1.59,0
447Y,-1.59,0
467I,-1.59,0
487G,-1.59,0
495R,-1.59,0
426Y,-1.58,0
433A,-1.58,0
491T,-1.58,0
496Q,-1.58,0
498L,-1.58,0
412Q,-1.57,0
447R,-1.57,0
449E,-1.57,0
493D,-1.57,0
506S,-1.57,0
416H,-1.56,0
433L,-1.56,0
450P,-1.56,0
342D,-1.55,0
447I,-1.55,0
449D,-1.55,0
467G,-1.55,0
342H,-1.54,0
355A,-1.54,0
407S,-1.54,0
447K,-1.54,0
447L,-1.54,0
467Y,-1.54,0
495I,-1.54,0
380K,-1.53,0
380L,-1.53,0
435L,-1.53,0
447M,-1.53,0
485P,-1.53,0
397H,-1.52,0
447V,-1.52,0
492K,-1.52,0
496H,-1.52,0
500L,-1.52,0
342E,-1.51,0
403C,-1.51,0
432W,-1.51,0
449L,-1.51,0
484Y,-1.51,0
487S,-1.51,0
496I,-1.51,0
351E,-1.5,0
399I,-1.5,0
412R,-1.5,0
412S,-1.5,0
455Y,-1.5,0
456Y,-1.5,0
338K,-1.49,0
380N,-1.49,0
399E,-1.49,0
436N,-1.49,0
350C,-1.48,0
407Y,-1.48,0
437D,-1.48,0
442L,-1.48,0
498I,-1.48,0
343P,-1.47,0
347E,-1.47,0
403N,-1.47,0
404N,-1.47,0
416D,-1.47,0
447N,-1.47,0
418A,-1.46,0
437V,-1.46,0
451E,-1.46,0
496T,-1.46,0
506K,-1.46,0
506L,-1.46,0
515K,-1.46,0
405P,-1.45,0
491C,-1.45,0
506A,-1.45,0
379A,-1.44,0
449I,-1.44,0
449W,-1.43,0
452P,-1.43,0
484F,-1.43,0
495N,-1.43,0
380Q,-1.42,0
438M,-1.42,0
442V,-1.42,0
448I,-1.42,0
472R,-1.42,0
496C,-1.42,0
342G,-1.41,0
438N,-1.41,0
449P,-1.41,0
498C,-1.41,0
504V,-1.41,0
403L,-1.4,0
406L,-1.4,0
447T,-1.4,0
398M,-1.39,0
404Y,-1.39,0
438Q,-1.39,0
355N,-1.38,0
425F,-1.38,0
426L,-1.38,0
456K,-1.38,0
475F,-1.38,0
341R,-1.37,0
377Q,-1.37,0
380C,-1.37,0
436E,-1.37,0
449M,-1.37,0
353Q,-1.36,0
404M,-1.36,0
422A,-1.36,0
443C,-1.36,0
449V,-1.36,0
467F,-1.36,0
342Q,-1.35,0
476E,-1.35,0
342S,-1.34,0
353A,-1.34,0
380R,-1.34,0
472E,-1.34,0
491Q,-1.34,0
515R,-1.34,0
399D,-1.33,0
433M,-1.33,0
412M,-1.32,0
457Q,-1.32,0
416A,-1.31,0
448W,-1.31,0
461S,-1.31,0
524P,-1.31,0
358R,-1.3,0
449A,-1.3,0
404R,-1.29,0
436G,-1.29,0
448L,-1.29,0
467A,-1.29,0
507S,-1.29,0
404E,-1.28,0
449G,-1.28,0
355E,-1.27,0
416N,-1.27,0
438R,-1.27,0
475L,-1.27,0
498D,-1.27,0
353V,-1.26,0
399V,-1.26,0
466P,-1.26,0
358K,-1.25,0
403P,-1.25,0
449S,-1.25,0
451P,-1.25,0
492H,-1.25,0
379I,-1.24,0
447S,-1.24,0
451T,-1.24,0
498V,-1.24,0
398T,-1.23,0
435Q,-1.23,0
437T,-1.23,0
442E,-1.23,0
451R,-1.23,0
473I,-1.23,0
508K,-1.23,0
512S,-1.23,0
342R,-1.22,0
353C,-1.22,0
439S,-1.22,0
449H,-1.22,0
449N,-1.22,0
449Q,-1.22,0
476F,-1.22,0
456I,-1.21,0
466D,-1.21,0
492N,-1.21,0
492R,-1.21,0
439Y,-1.2,0
456C,-1.2,0
467H,-1.2,0
473V,-1.2,0
486C,-1.2,0
500N,-1.2,0
492Q,-1.19,0
421T,-1.18,0
447A,-1.18,0
448K,-1.18,0
453E,-1.18,0
474C,-1.18,0
476R,-1.18,0
347R,-1.17,0
380S,-1.17,0
404C,-1.17,0
449T,-1.16,0
492Y,-1.16,0
349E,-1.15,0
407K,-1.15,0
412L,-1.15,0
419Q,-1.15,0
439D,-1.15,0
448F,-1.15,0
501L,-1.15,0
410C,-1.14,0
419R,-1.14,0
439F,-1.14,0
443T,-1.14,0
444P,-1.14,0
461Y,-1.14,0
467N,-1.14,0
500E,-1.14,0
508E,-1.14,0
338N,-1.13,0
434Q,-1.13,0
435N,-1.13,0
454K,-1.12,0
476Q,-1.12,0
500P,-1.12,0
500R,-1.12,0
338D,-1.11,0
416S,-1.11,0
419M,-1.11,0
424L,-1.11,0
450T,-1.11,0
472N,-1.11,0
509K,-1.11,0
426V,-1.1,0
494D,-1.1,0
495H,-1.1,0
499E,-1.1,0
398Y,-1.09,0
407F,-1.09,0
467V,-1.09,0
515E,-1.09,0
515S,-1.09,0
338G,-1.08,0
347T,-1.08,0
355K,-1.08,0
358E,-1.08,0
396G,-1.08,0
439T,-1.08,0
449F,-1.08,0
487D,-1.08,0
503T,-1.08,0
524W,-1.08,0
342K,-1.07,0
380M,-1.07,0
397G,-1.07,0
412A,-1.07,0
419F,-1.07,0
499C,-1.07,0
341G,-1.06,0
373N,-1.06,0
403A,-1.06,0
409V,-1.06,0
475K,-1.06,0
354W,-1.05,0
379Y,-1.05,0
412T,-1.05,0
418C,-1.05,0
448R,-1.05,0
496V,-1.05,0
338E,-1.04,0
338Q,-1.04,0
347Q,-1.04,0
417D,-1.04,0
472S,-1.04,0
338S,-1.03,0
368G,-1.03,0
341N,-1.02,0
368K,-1.02,0
395E,-1.02,0
395N,-1.02,0
404K,-1.02,0
404Q,-1.02,0
404S,-1.02,0
457M,-1.02,0
499G,-1.02,0
342C,-1.01,0
351Q,-1.01,0
368R,-1.01,0
376P,-1.01,0
414P,-1.01,0
456W,-1.01,0
347C,-1,0
409G,-1,0
436C,-1,0
461A,-1,0
509H,-1,0
336R,-0.99,0
341H,-0.99,0
342A,-0.99,0
348I,-0.99,0
368E,-0.99,0
368N,-0.99,0
368S,-0.99,0
472K,-0.99,0
499W,-0.99,0
347G,-0.98,0
353S,-0.98,0
376D,-0.98,0
449K,-0.98,0
461N,-0.98,0
476Y,-0.98,0
498E,-0.98,0
500F,-0.98,0
338A,-0.97,0
338H,-0.97,0
341E,-0.97,0
341Q,-0.97,0
368C,-0.97,0
379L,-0.97,0
379M,-0.97,0
381P,-0.97,0
399K,-0.97,0
446C,-0.97,0
466G,-0.97,0
500Y,-0.97,0
343I,-0.96,0
349R,-0.96,0
368H,-0.96,0
368P,-0.96,0
402A,-0.96,0
406K,-0.96,0
437E,-0.96,0
338C,-0.95,0
353H,-0.95,0
380V,-0.95,0
412K,-0.95,0
455P,-0.95,0
472C,-0.95,0
489F,-0.95,0
341D,-0.94,0
350S,-0.94,0
435H,-0.94,0
501G,-0.94,0
336K,-0.93,0
336P,-0.93,0
338P,-0.93,0
338T,-0.93,0
341P,-0.93,0
358Q,-0.93,0
368D,-0.93,0
404A,-0.93,0
404H,-0.93,0
405I,-0.93,0
411Y,-0.93,0
426M,-0.93,0
429V,-0.93,0
434G,-0.93,0
474F,-0.93,0
491G,-0.93,0
500G,-0.93,0
344W,-0.92,0
351L,-0.92,0
374N,-0.92,0
399G,-0.92,0
409A,-0.92,0
412I,-0.92,0
453G,-0.92,0
467S,-0.92,0
499D,-0.92,0
358N,-0.91,0
364L,-0.91,0
402M,-0.91,0
419N,-0.91,0
448C,-0.91,0
448G,-0.91,0
457N,-0.91,0
354P,-0.9,0
356G,-0.9,0
368Q,-0.9,0
368T,-0.9,0
379T,-0.9,0
395K,-0.9,0
400Y,-0.9,0
406F,-0.9,0
409W,-0.9,0
424F,-0.9,0
429I,-0.9,0
504C,-0.9,0
515P,-0.9,0
342Y,-0.89,0
347S,-0.89,0
378G,-0.89,0
424V,-0.89,0
432F,-0.89,0
435F,-0.89,0
436H,-0.89,0
448S,-0.89,0
476T,-0.89,0
511T,-0.89,0
341C,-0.88,0
414D,-0.88,0
441T,-0.88,0
448H,-0.88,0
461F,-0.88,0
500H,-0.88,0
503P,-0.88,0
341S,-0.87,0
347A,-0.87,0
347L,-0.87,0
349K,-0.87,0
349M,-0.87,0
351A,-0.87,0
381W,-0.87,0
399L,-0.87,0
448V,-0.87,0
495M,-0.87,0
341A,-0.86,0
361D,-0.86,0
381I,-0.86,0
382R,-0.86,0
407A,-0.86,0
419Y,-0.86,0
429H,-0.86,0
475R,-0.86,0
515C,-0.86,0
355Q,-0.85,0
398H,-0.85,0
418T,-0.85,0
436V,-0.85,0
451W,-0.85,0
511M,-0.85,0
377N,-0.84,0
379V,-0.84,0
403S,-0.84,0
451A,-0.84,0
463L,-0.84,0
467C,-0.84,0
476N,-0.84,0
506H,-0.84,0
525P,-0.84,0
344F,-0.83,0
349Q,-0.83,0
358T,-0.83,0
368A,-0.83,0
377S,-0.83,0
399C,-0.83,0
406C,-0.83,0
425T,-0.83,0
451S,-0.83,0
510A,-0.83,0
511L,-0.83,0
343V,-0.82,0
351T,-0.82,0
364M,-0.82,0
424Y,-0.82,0
453N,-0.82,0
486N,-0.82,0
495W,-0.82,0
336L,-0.81,0
336W,-0.81,0
344Y,-0.81,0
351P,-0.81,0
377P,-0.81,0
381F,-0.81,0
411F,-0.81,0
469W,-0.81,0
473W,-0.81,0
350T,-0.8,0
414W,-0.8,0
419G,-0.8,0
445C,-0.8,0
455N,-0.8,0
467E,-0.8,0
475Q,-0.8,0
485F,-0.8,0
500K,-0.8,0
347I,-0.79,0
351I,-0.79,0
381Y,-0.79,0
426E,-0.79,0
451V,-0.79,0
501E,-0.79,0
342T,-0.78,0
358S,-0.78,0
406Y,-0.78,0
409R,-0.78,0
426Q,-0.78,0
436L,-0.78,0
437K,-0.78,0
455S,-0.78,0
455T,-0.78,0
484W,-0.78,0
492T,-0.78,0
511A,-0.78,0
351N,-0.77,0
364F,-0.77,0
380T,-0.77,0
401C,-0.77,0
419H,-0.77,0
424S,-0.77,0
432M,-0.77,0
448M,-0.77,0
448T,-0.77,0
486G,-0.77,0
492C,-0.77,0
508R,-0.77,0
343C,-0.76,0
349T,-0.76,0
407R,-0.76,0
418M,-0.76,0
421Q,-0.76,0
421S,-0.76,0
436I,-0.76,0
438V,-0.76,0
444G,-0.76,0
455H,-0.76,0
336I,-0.75,0
336M,-0.75,0
347P,-0.75,0
360V,-0.75,0
409L,-0.75,0
417E,-0.75,0
422S,-0.75,0
424G,-0.75,0
435I,-0.75,0
436A,-0.75,0
437Q,-0.75,0
437R,-0.75,0
439H,-0.75,0
461T,-0.75,0
463R,-0.75,0
500M,-0.75,0
507A,-0.75,0
344P,-0.74,0
358G,-0.74,0
425C,-0.74,0
463I,-0.74,0
466E,-0.74,0
466F,-0.74,0
474L,-0.74,0
515T,-0.74,0
342W,-0.73,0
380I,-0.73,0
411L,-0.73,0
418L,-0.73,0
419I,-0.73,0
429M,-0.73,0
432L,-0.73,0
455V,-0.73,0
347H,-0.72,0
347V,-0.72,0
349H,-0.72,0
361G,-0.72,0
403Q,-0.72,0
409F,-0.72,0
410M,-0.72,0
411I,-0.72,0
421G,-0.72,0
432V,-0.72,0
436T,-0.72,0
486Q,-0.72,0
493P,-0.72,0
512A,-0.72,0
336H,-0.71,0
351S,-0.71,0
360I,-0.71,0
377K,-0.71,0
433T,-0.71,0
455C,-0.71,0
463M,-0.71,0
472W,-0.71,0
484L,-0.71,0
486T,-0.71,0
491E,-0.71,0
505H,-0.71,0
512T,-0.71,0
336Y,-0.7,0
358A,-0.7,0
361L,-0.7,0
361W,-0.7,0
377M,-0.7,0
381C,-0.7,0
381V,-0.7,0
387R,-0.7,0
397S,-0.7,0
426C,-0.7,0
451K,-0.7,0
483P,-0.7,0
485Y,-0.7,0
515H,-0.7,0
336A,-0.69,0
361H,-0.69,0
364I,-0.69,0
375I,-0.69,0
403T,-0.69,0
411D,-0.69,0
429L,-0.69,0
434S,-0.69,0
449R,-0.69,0
456H,-0.69,0
465W,-0.69,0
472A,-0.69,0
524T,-0.69,0
336Q,-0.68,0
355S,-0.68,0
365D,-0.68,0
382G,-0.68,0
406T,-0.68,0
421A,-0.68,0
424M,-0.68,0
426H,-0.68,0
430G,-0.68,0
448Y,-0.68,0
465L,-0.68,0
489W,-0.68,0
361M,-0.67,0
397Y,-0.67,0
407C,-0.67,0
407Q,-0.67,0
409H,-0.67,0
409T,-0.67,0
420V,-0.67,0
435M,-0.67,0
436K,-0.67,0
448D,-0.67,0
485V,-0.67,0
498T,-0.67,0
361I,-0.66,0
361R,-0.66,0
363D,-0.66,0
387H,-0.66,0
387K,-0.66,0
400M,-0.66,0
401A,-0.66,0
412V,-0.66,0
420I,-0.66,0
436Q,-0.66,0
436S,-0.66,0
457H,-0.66,0
464I,-0.66,0
465I,-0.66,0
473M,-0.66,0
475C,-0.66,0
485I,-0.66,0
489H,-0.66,0
512C,-0.66,0
336G,-0.65,0
336S,-0.65,0
341Y,-0.65,0
379F,-0.65,0
381L,-0.65,0
409K,-0.65,0
409N,-0.65,0
438G,-0.65,0
442I,-0.65,0
457G,-0.65,0
465Y,-0.65,0
469F,-0.65,0
469I,-0.65,0
473L,-0.65,0
474Y,-0.65,0
484V,-0.65,0
511C,-0.65,0
515A,-0.65,0
340F,-0.64,0
345C,-0.64,0
355T,-0.64,0
358H,-0.64,0
361Y,-0.64,0
364V,-0.64,0
377R,-0.64,0
387C,-0.64,0
387P,-0.64,0
401M,-0.64,0
451C,-0.64,0
465F,-0.64,0
484I,-0.64,0
485L,-0.64,0
494I,-0.64,0
503S,-0.64,0
504E,-0.64,0
340W,-0.63,0
348L,-0.63,0
421R,-0.63,0
421V,-0.63,0
426R,-0.63,0
435C,-0.63,0
441S,-0.63,0
455Q,-0.63,0
461C,-0.63,0
463K,-0.63,0
466N,-0.63,0
486S,-0.63,0
496S,-0.63,0
336V,-0.62,0
344L,-0.62,0
345W,-0.62,0
353P,-0.62,0
361K,-0.62,0
364A,-0.62,0
364G,-0.62,0
364W,-0.62,0
377H,-0.62,0
382D,-0.62,0
399R,-0.62,0
417Q,-0.62,0
436R,-0.62,0
486K,-0.62,0
336E,-0.61,0
361S,-0.61,0
361T,-0.61,0
365E,-0.61,0
365R,-0.61,0
374C,-0.61,0
376G,-0.61,0
421W,-0.61,0
435V,-0.61,0
456V,-0.61,0
498G,-0.61,0
351C,-0.6,0
365K,-0.6,0
365Q,-0.6,0
375L,-0.6,0
378W,-0.6,0
405V,-0.6,0
406V,-0.6,0
413I,-0.6,0
421H,-0.6,0
434H,-0.6,0
463V,-0.6,0
465R,-0.6,0
466A,-0.6,0
510L,-0.6,0
519M,-0.6,0
341T,-0.59,0
349G,-0.59,0
360L,-0.59,0
361A,-0.59,0
361F,-0.59,0
361N,-0.59,0
377A,-0.59,0
387S,-0.59,0
395H,-0.59,0
396R,-0.59,0
406G,-0.59,0
413V,-0.59,0
463T,-0.59,0
472Q,-0.59,0
485C,-0.59,0
497Y,-0.59,0
499Q,-0.59,0
336T,-0.58,0
343L,-0.58,0
345F,-0.58,0
351M,-0.58,0
361E,-0.58,0
361V,-0.58,0
364R,-0.58,0
370I,-0.58,0
381M,-0.58,0
387N,-0.58,0
423F,-0.58,0
426K,-0.58,0
439W,-0.58,0
451N,-0.58,0
466W,-0.58,0
466Y,-0.58,0
485D,-0.58,0
501C,-0.58,0
336F,-0.57,0
354F,-0.57,0
361Q,-0.57,0
364P,-0.57,0
364T,-0.57,0
387Y,-0.57,0
395W,-0.57,0
406W,-0.57,0
409S,-0.57,0
411N,-0.57,0
426T,-0.57,0
443G,-0.57,0
463C,-0.57,0
463W,-0.57,0
464V,-0.57,0
476W,-0.57,0
482I,-0.57,0
485W,-0.57,0
491S,-0.57,0
506M,-0.57,0
508I,-0.57,0
521W,-0.57,0
354L,-0.56,0
363R,-0.56,0
382N,-0.56,0
382Q,-0.56,0
387G,-0.56,0
387T,-0.56,0
406N,-0.56,0
407T,-0.56,0
420G,-0.56,0
424Q,-0.56,0
430D,-0.56,0
436M,-0.56,0
437G,-0.56,0
448A,-0.56,0
457S,-0.56,0
463Y,-0.56,0
469Y,-0.56,0
493E,-0.56,0
500A,-0.56,0
338V,-0.55,0
340Y,-0.55,0
364Y,-0.55,0
365H,-0.55,0
365N,-0.55,0
375F,-0.55,0
375V,-0.55,0
381D,-0.55,0
382S,-0.55,0
395R,-0.55,0
402T,-0.55,0
403M,-0.55,0
411H,-0.55,0
437A,-0.55,0
453T,-0.55,0
484H,-0.55,0
337I,-0.54,0
363K,-0.54,0
381E,-0.54,0
386P,-0.54,0
387D,-0.54,0
409M,-0.54,0
429Y,-0.54,0
455G,-0.54,0
474W,-0.54,0
476D,-0.54,0
516L,-0.54,0
375W,-0.53,0
380H,-0.53,0
381T,-0.53,0
387Q,-0.53,0
395Y,-0.53,0
406S,-0.53,0
414F,-0.53,0
453I,-0.53,0
463F,-0.53,0
463H,-0.53,0
463N,-0.53,0
482P,-0.53,0
486M,-0.53,0
496A,-0.53,0
510M,-0.53,0
524D,-0.53,0
341M,-0.52,0
352V,-0.52,0
381A,-0.52,0
382E,-0.52,0
382K,-0.52,0
387E,-0.52,0
396E,-0.52,0
399W,-0.52,0
411T,-0.52,0
421K,-0.52,0
424C,-0.52,0
435W,-0.52,0
466T,-0.52,0
484C,-0.52,0
492F,-0.52,0
508L,-0.52,0
336N,-0.51,0
341F,-0.51,0
362P,-0.51,0
387A,-0.51,0
395Q,-0.51,0
395S,-0.51,0
396K,-0.51,0
417G,-0.51,0
437S,-0.51,0
464K,-0.51,0
465K,-0.51,0
469V,-0.51,0
474I,-0.51,0
498M,-0.51,0
504F,-0.51,0
504L,-0.51,0
343W,-0.5,0
349D,-0.5,0
364H,-0.5,0
375C,-0.5,0
378F,-0.5,0
435Y,-0.5,0
439G,-0.5,0
495F,-0.5,0
498N,-0.5,0
504Y,-0.5,0
343M,-0.49,0
348V,-0.49,0
352I,-0.49,0
399Q,-0.49,0
405W,-0.49,0
419V,-0.49,0
436Y,-0.49,0
472P,-0.49,0
504H,-0.49,0
525H,-0.49,0
336D,-0.48,0
345Y,-0.48,0
368Y,-0.48,0
370C,-0.48,0
426D,-0.48,0
441P,-0.48,0
469L,-0.48,0
475E,-0.48,0
475I,-0.48,0
341W,-0.47,0
363E,-0.47,0
397F,-0.47,0
397T,-0.47,0
413T,-0.47,0
421I,-0.47,0
432I,-0.47,0
455A,-0.47,0
463D,-0.47,0
486L,-0.47,0
499A,-0.47,0
499H,-0.47,0
504W,-0.47,0
510T,-0.47,0
514D,-0.47,0
343Y,-0.46,0
344H,-0.46,0
344V,-0.46,0
348W,-0.46,0
364C,-0.46,0
364Q,-0.46,0
379W,-0.46,0
389P,-0.46,0
417S,-0.46,0
466S,-0.46,0
499I,-0.46,0
499M,-0.46,0
516F,-0.46,0
337F,-0.45,0
343F,-0.45,0
364K,-0.45,0
365C,-0.45,0
370V,-0.45,0
399F,-0.45,0
409Y,-0.45,0
417N,-0.45,0
439Q,-0.45,0
457A,-0.45,0
465V,-0.45,0
482V,-0.45,0
485H,-0.45,0
491A,-0.45,0
504T,-0.45,0
513V,-0.45,0
340C,-0.44,0
352W,-0.44,0
375M,-0.44,0
377T,-0.44,0
406M,-0.44,0
451I,-0.44,0
463Q,-0.44,0
465C,-0.44,0
477C,-0.44,0
500Q,-0.44,0
344M,-0.43,0
347M,-0.43,0
363N,-0.43,0
366P,-0.43,0
387V,-0.43,0
390P,-0.43,0
409C,-0.43,0
421C,-0.43,0
485E,-0.43,0
485N,-0.43,0
486V,-0.43,0
500W,-0.43,0
343R,-0.42,0
345I,-0.42,0
356W,-0.42,0
357G,-0.42,0
365S,-0.42,0
378Y,-0.42,0
382P,-0.42,0
386W,-0.42,0
405L,-0.42,0
417C,-0.42,0
430E,-0.42,0
437C,-0.42,0
448Q,-0.42,0
486H,-0.42,0
504K,-0.42,0
504Q,-0.42,0
515V,-0.42,0
344D,-0.41,0
344I,-0.41,0
358C,-0.41,0
413W,-0.41,0
414Y,-0.41,0
466V,-0.41,0
471C,-0.41,0
499F,-0.41,0
337V,-0.4,0
337W,-0.4,0
344C,-0.4,0
350A,-0.4,0
368W,-0.4,0
375P,-0.4,0
377C,-0.4,0
389I,-0.4,0
392R,-0.4,0
411C,-0.4,0
411V,-0.4,0
508A,-0.4,0
508S,-0.4,0
511I,-0.4,0
340I,-0.39,0
354I,-0.39,0
356D,-0.39,0
364S,-0.39,0
399N,-0.39,0
417M,-0.39,0
421M,-0.39,0
436F,-0.39,0
448E,-0.39,0
464D,-0.39,0
465N,-0.39,0
515G,-0.39,0
342V,-0.38,0
343A,-0.38,0
346P,-0.38,0
354Y,-0.38,0
355H,-0.38,0
360M,-0.38,0
361P,-0.38,0
365P,-0.38,0
366C,-0.38,0
388F,-0.38,0
396A,-0.38,0
396S,-0.38,0
406A,-0.38,0
428C,-0.38,0
438C,-0.38,0
466C,-0.38,0
472V,-0.38,0
475M,-0.38,0
476H,-0.38,0
484D,-0.38,0
486I,-0.38,0
486R,-0.38,0
504R,-0.38,0
508Q,-0.38,0
514E,-0.38,0
515I,-0.38,0
339C,-0.37,0
343D,-0.37,0
344T,-0.37,0
345M,-0.37,0
365G,-0.37,0
375R,-0.37,0
393W,-0.37,0
399A,-0.37,0
401T,-0.37,0
426N,-0.37,0
453Q,-0.37,0
469H,-0.37,0
472H,-0.37,0
499N,-0.37,0
499V,-0.37,0
374R,-0.36,0
392E,-0.36,0
395T,-0.36,0
405T,-0.36,0
410L,-0.36,0
414N,-0.36,0
434T,-0.36,0
435G,-0.36,0
437P,-0.36,0
466L,-0.36,0
475T,-0.36,0
482W,-0.36,0
499L,-0.36,0
499Y,-0.36,0
504M,-0.36,0
516C,-0.36,0
516I,-0.36,0
343T,-0.35,0
345G,-0.35,0
360T,-0.35,0
374S,-0.35,0
382W,-0.35,0
399M,-0.35,0
417A,-0.35,0
417P,-0.35,0
427Q,-0.35,0
464T,-0.35,0
466I,-0.35,0
494L,-0.35,0
496N,-0.35,0
525Q,-0.35,0
349A,-0.34,0
388W,-0.34,0
392K,-0.34,0
417I,-0.34,0
446Y,-0.34,0
451M,-0.34,0
462P,-0.34,0
486A,-0.34,0
486Y,-0.34,0
494G,-0.34,0
513F,-0.34,0
524R,-0.34,0
360Y,-0.33,0
365T,-0.33,0
374P,-0.33,0
388C,-0.33,0
401L,-0.33,0
405G,-0.33,0
407M,-0.33,0
409D,-0.33,0
411K,-0.33,0
441N,-0.33,0
450C,-0.33,0
508C,-0.33,0
343S,-0.32,0
344G,-0.32,0
347Y,-0.32,0
374E,-0.32,0
374Q,-0.32,0
374T,-0.32,0
374V,-0.32,0
382H,-0.32,0
388Y,-0.32,0
392D,-0.32,0
417V,-0.32,0
420F,-0.32,0
441G,-0.32,0
457K,-0.32,0
463E,-0.32,0
500S,-0.32,0
515Q,-0.32,0
516M,-0.32,0
343H,-0.31,0
343K,-0.31,0
352L,-0.31,0
387F,-0.31,0
417L,-0.31,0
417W,-0.31,0
428F,-0.31,0
446F,-0.31,0
478P,-0.31,0
342M,-0.3,0
348M,-0.3,0
364E,-0.3,0
396D,-0.3,0
399Y,-0.3,0
411W,-0.3,0
413D,-0.3,0
415C,-0.3,0
420W,-0.3,0
420Y,-0.3,0
424N,-0.3,0
434A,-0.3,0
453R,-0.3,0
468W,-0.3,0
482C,-0.3,0
504P,-0.3,0
516Y,-0.3,0
343Q,-0.29,0
348F,-0.29,0
351V,-0.29,0
352F,-0.29,0
354C,-0.29,0
359L,-0.29,0
365A,-0.29,0
374A,-0.29,0
375Y,-0.29,0
388I,-0.29,0
389V,-0.29,0
396H,-0.29,0
397I,-0.29,0
411M,-0.29,0
415P,-0.29,0
420H,-0.29,0
426G,-0.29,0
445G,-0.29,0
451L,-0.29,0
460W,-0.29,0
464C,-0.29,0
464E,-0.29,0
465M,-0.29,0
465S,-0.29,0
469M,-0.29,0
479W,-0.29,0
481P,-0.29,0
515W,-0.29,0
340R,-0.28,0
342L,-0.28,0
345V,-0.28,0
353Y,-0.28,0
356N,-0.28,0
360F,-0.28,0
374K,-0.28,0
405C,-0.28,0
405Y,-0.28,0
428L,-0.28,0
446H,-0.28,0
446L,-0.28,0
471W,-0.28,0
474V,-0.28,0
484P,-0.28,0
485M,-0.28,0
506N,-0.28,0
516V,-0.28,0
337L,-0.27,0
340G,-0.27,0
340H,-0.27,0
351H,-0.27,0
352T,-0.27,0
360C,-0.27,0
370W,-0.27,0
381S,-0.27,0
388L,-0.27,0
390D,-0.27,0
392G,-0.27,0
415L,-0.27,0
419C,-0.27,0
420C,-0.27,0
427C,-0.27,0
443A,-0.27,0
446V,-0.27,0
453A,-0.27,0
455W,-0.27,0
492M,-0.27,0
504D,-0.27,0
508T,-0.27,0
337Y,-0.26,0
340V,-0.26,0
344E,-0.26,0
345H,-0.26,0
348C,-0.26,0
349N,-0.26,0
371C,-0.26,0
376A,-0.26,0
382A,-0.26,0
385C,-0.26,0
387W,-0.26,0
401I,-0.26,0
414L,-0.26,0
417T,-0.26,0
420T,-0.26,0
428I,-0.26,0
446A,-0.26,0
446I,-0.26,0
446P,-0.26,0
450F,-0.26,0
453C,-0.26,0
476A,-0.26,0
484M,-0.26,0
343E,-0.25,0
345L,-0.25,0
360W,-0.25,0
363I,-0.25,0
374L,-0.25,0
376C,-0.25,0
389W,-0.25,0
405E,-0.25,0
415W,-0.25,0
439I,-0.25,0
439M,-0.25,0
466M,-0.25,0
470P,-0.25,0
478C,-0.25,0
482M,-0.25,0
494W,-0.25,0
508V,-0.25,0
516A,-0.25,0
525G,-0.25,0
334W,-0.24,0
348R,-0.24,0
368V,-0.24,0
374D,-0.24,0
374G,-0.24,0
374H,-0.24,0
377Y,-0.24,0
396Q,-0.24,0
428W,-0.24,0
458W,-0.24,0
462H,-0.24,0
516P,-0.24,0
340N,-0.23,0
348K,-0.23,0
350I,-0.23,0
354M,-0.23,0
360A,-0.23,0
366F,-0.23,0
366Y,-0.23,0
370F,-0.23,0
375K,-0.23,0
392Q,-0.23,0
396C,-0.23,0
419T,-0.23,0
446M,-0.23,0
464R,-0.23,0
465H,-0.23,0
472F,-0.23,0
472Y,-0.23,0
482F,-0.23,0
486W,-0.23,0
499S,-0.23,0
514F,-0.23,0
514R,-0.23,0
523D,-0.23,0
332F,-0.22,0
334F,-0.22,0
339L,-0.22,0
350P,-0.22,0
364N,-0.22,0
374M,-0.22,0
386F,-0.22,0
419P,-0.22,0
426S,-0.22,0
434C,-0.22,0
456M,-0.22,0
459P,-0.22,0
461M,-0.22,0
468P,-0.22,0
469C,-0.22,0
485T,-0.22,0
512I,-0.22,0
514L,-0.22,0
515Y,-0.22,0
333W,-0.21,0
337Q,-0.21,0
339I,-0.21,0
340L,-0.21,0
340P,-0.21,0
345N,-0.21,0
356E,-0.21,0
362G,-0.21,0
363H,-0.21,0
392N,-0.21,0
393F,-0.21,0
408L,-0.21,0
415D,-0.21,0
424A,-0.21,0
428M,-0.21,0
428V,-0.21,0
453S,-0.21,0
459L,-0.21,0
459W,-0.21,0
462W,-0.21,0
468G,-0.21,0
468Y,-0.21,0
482T,-0.21,0
493N,-0.21,0
494V,-0.21,0
520W,-0.21,0
334I,-0.2,0
334L,-0.2,0
343G,-0.2,0
356C,-0.2,0
372N,-0.2,0
375G,-0.2,0
377L,-0.2,0
383W,-0.2,0
389L,-0.2,0
405K,-0.2,0
413E,-0.2,0
446D,-0.2,0
446S,-0.2,0
446W,-0.2,0
463G,-0.2,0
463S,-0.2,0
466H,-0.2,0
470W,-0.2,0
482Y,-0.2,0
485S,-0.2,0
503E,-0.2,0
504S,-0.2,0
520C,-0.2,0
521I,-0.2,0
521L,-0.2,0
527W,-0.2,0
337M,-0.19,0
351W,-0.19,0
352G,-0.19,0
357P,-0.19,0
360R,-0.19,0
363S,-0.19,0
371F,-0.19,0
372S,-0.19,0
376N,-0.19,0
395F,-0.19,0
446T,-0.19,0
455F,-0.19,0
468F,-0.19,0
481I,-0.19,0
482L,-0.19,0
485A,-0.19,0
494F,-0.19,0
508N,-0.19,0
334P,-0.18,0
337C,-0.18,0
339V,-0.18,0
340M,-0.18,0
340T,-0.18,0
348T,-0.18,0
360Q,-0.18,0
362D,-0.18,0
363T,-0.18,0
371V,-0.18,0
372C,-0.18,0
372Y,-0.18,0
384N,-0.18,0
386C,-0.18,0
395G,-0.18,0
402C,-0.18,0
411R,-0.18,0
414H,-0.18,0
420L,-0.18,0
421N,-0.18,0
425M,-0.18,0
426A,-0.18,0
428Y,-0.18,0
430W,-0.18,0
441C,-0.18,0
444D,-0.18,0
445E,-0.18,0
450I,-0.18,0
450V,-0.18,0
464S,-0.18,0
465A,-0.18,0
468H,-0.18,0
471L,-0.18,0
472T,-0.18,0
474H,-0.18,0
474M,-0.18,0
485R,-0.18,0
486P,-0.18,0
493S,-0.18,0
504A,-0.18,0
508M,-0.18,0
524Y,-0.18,0
344R,-0.17,0
363Y,-0.17,0
369D,-0.17,0
369P,-0.17,0
370L,-0.17,0
371I,-0.17,0
372L,-0.17,0
378H,-0.17,0
384G,-0.17,0
387I,-0.17,0
391W,-0.17,0
417H,-0.17,0
417R,-0.17,0
418V,-0.17,0
430A,-0.17,0
435T,-0.17,0
439A,-0.17,0
446Q,-0.17,0
453L,-0.17,0
479C,-0.17,0
481C,-0.17,0
483T,-0.17,0
483W,-0.17,0
492V,-0.17,0
498S,-0.17,0
508W,-0.17,0
513M,-0.17,0
514M,-0.17,0
515L,-0.17,0
331W,-0.16,0
354V,-0.16,0
359M,-0.16,0
359P,-0.16,0
360S,-0.16,0
368M,-0.16,0
371P,-0.16,0
372T,-0.16,0
377I,-0.16,0
378T,-0.16,0
384C,-0.16,0
388V,-0.16,0
389C,-0.16,0
390W,-0.16,0
391F,-0.16,0
393P,-0.16,0
395A,-0.16,0
408E,-0.16,0
413A,-0.16,0
414C,-0.16,0
445D,-0.16,0
446R,-0.16,0
450W,-0.16,0
452D,-0.16,0
453W,-0.16,0
458C,-0.16,0
458I,-0.16,0
460T,-0.16,0
464A,-0.16,0
471P,-0.16,0
473F,-0.16,0
473H,-0.16,0
474P,-0.16,0
474T,-0.16,0
490I,-0.16,0
503G,-0.16,0
510I,-0.16,0
520I,-0.16,0
528P,-0.16,0
333E,-0.15,0
333F,-0.15,0
337G,-0.15,0
338I,-0.15,0
338M,-0.15,0
339M,-0.15,0
341L,-0.15,0
342I,-0.15,0
345Q,-0.15,0
356F,-0.15,0
356S,-0.15,0
357W,-0.15,0
359I,-0.15,0
363P,-0.15,0
374I,-0.15,0
377V,-0.15,0
381H,-0.15,0
389M,-0.15,0
391G,-0.15,0
397V,-0.15,0
405H,-0.15,0
409E,-0.15,0
413N,-0.15,0
430S,-0.15,0
440C,-0.15,0
469K,-0.15,0
469R,-0.15,0
471I,-0.15,0
471K,-0.15,0
499T,-0.15,0
505F,-0.15,0
516G,-0.15,0
516K,-0.15,0
521F,-0.15,0
333C,-0.14,0
337R,-0.14,0
339P,-0.14,0
344N,-0.14,0
344S,-0.14,0
352Y,-0.14,0
356A,-0.14,0
356H,-0.14,0
357F,-0.14,0
358V,-0.14,0
363M,-0.14,0
370Y,-0.14,0
371L,-0.14,0
371M,-0.14,0
372P,-0.14,0
378C,-0.14,0
382M,-0.14,0
382Y,-0.14,0
383C,-0.14,0
383F,-0.14,0
384D,-0.14,0
388K,-0.14,0
388T,-0.14,0
393C,-0.14,0
393M,-0.14,0
408V,-0.14,0
408Y,-0.14,0
411S,-0.14,0
420M,-0.14,0
421L,-0.14,0
441Y,-0.14,0
444C,-0.14,0
445M,-0.14,0
445Y,-0.14,0
450L,-0.14,0
459C,-0.14,0
468T,-0.14,0
471Y,-0.14,0
474D,-0.14,0
475V,-0.14,0
493W,-0.14,0
499R,-0.14,0
510C,-0.14,0
517P,-0.14,0
337T,-0.13,0
345R,-0.13,0
348E,-0.13,0
359E,-0.13,0
360E,-0.13,0
363G,-0.13,0
363V,-0.13,0
371K,-0.13,0
372H,-0.13,0
372I,-0.13,0
375A,-0.13,0
375H,-0.13,0
375N,-0.13,0
376E,-0.13,0
378M,-0.13,0
383G,-0.13,0
386Y,-0.13,0
387M,-0.13,0
391I,-0.13,0
391Y,-0.13,0
393L,-0.13,0
394I,-0.13,0
397C,-0.13,0
413K,-0.13,0
415E,-0.13,0
417F,-0.13,0
420E,-0.13,0
427F,-0.13,0
427W,-0.13,0
428A,-0.13,0
441R,-0.13,0
444F,-0.13,0
450Y,-0.13,0
451Q,-0.13,0
462I,-0.13,0
465T,-0.13,0
474G,-0.13,0
474S,-0.13,0
475G,-0.13,0
479I,-0.13,0
501S,-0.13,0
504N,-0.13,0
513I,-0.13,0
516S,-0.13,0
516T,-0.13,0
519C,-0.13,0
519I,-0.13,0
526L,-0.13,0
345A,-0.12,0
345D,-0.12,0
346C,-0.12,0
348Q,-0.12,0
349C,-0.12,0
356Q,-0.12,0
356Y,-0.12,0
360K,-0.12,0
363F,-0.12,0
366W,-0.12,0
370M,-0.12,0
370P,-0.12,0
371H,-0.12,0
371Y,-0.12,0
372V,-0.12,0
376F,-0.12,0
376R,-0.12,0
381Q,-0.12,0
389F,-0.12,0
390S,-0.12,0
390T,-0.12,0
391D,-0.12,0
391L,-0.12,0
391M,-0.12,0
394L,-0.12,0
396L,-0.12,0
413L,-0.12,0
413Q,-0.12,0
415F,-0.12,0
428G,-0.12,0
428Q,-0.12,0
428R,-0.12,0
430N,-0.12,0
433I,-0.12,0
439C,-0.12,0
441H,-0.12,0
444N,-0.12,0
446E,-0.12,0
458L,-0.12,0
458N,-0.12,0
464L,-0.12,0
464Q,-0.12,0
465D,-0.12,0
468R,-0.12,0
470F,-0.12,0
470G,-0.12,0
471R,-0.12,0
474K,-0.12,0
474R,-0.12,0
478G,-0.12,0
481V,-0.12,0
490E,-0.12,0
499K,-0.12,0
514C,-0.12,0
514Y,-0.12,0
521Y,-0.12,0
526I,-0.12,0
334C,-0.11,0
335C,-0.11,0
339F,-0.11,0
339K,-0.11,0
340K,-0.11,0
346G,-0.11,0
349P,-0.11,0
352C,-0.11,0
365V,-0.11,0
369E,-0.11,0
371R,-0.11,0
371W,-0.11,0
375E,-0.11,0
378I,-0.11,0
378S,-0.11,0
382T,-0.11,0
392H,-0.11,0
392S,-0.11,0
393G,-0.11,0
405R,-0.11,0
408F,-0.11,0
408T,-0.11,0
410V,-0.11,0
413S,-0.11,0
420A,-0.11,0
420S,-0.11,0
429W,-0.11,0
440W,-0.11,0
441A,-0.11,0
446N,-0.11,0
450E,-0.11,0
451H,-0.11,0
453V,-0.11,0
456L,-0.11,0
458F,-0.11,0
462C,-0.11,0
464N,-0.11,0
465G,-0.11,0
468A,-0.11,0
468E,-0.11,0
471M,-0.11,0
478W,-0.11,0
479F,-0.11,0
481T,-0.11,0
485Q,-0.11,0
490C,-0.11,0
490L,-0.11,0
494C,-0.11,0
514K,-0.11,0
516R,-0.11,0
517W,-0.11,0
518R,-0.11,0
521C,-0.11,0
525W,-0.11,0
526C,-0.11,0
331F,-0.1,0
337S,-0.1,0
339R,-0.1,0
340S,-0.1,0
344K,-0.1,0
344Q,-0.1,0
348G,-0.1,0
348Y,-0.1,0
359W,-0.1,0
362N,-0.1,0
362S,-0.1,0
369C,-0.1,0
370A,-0.1,0
371G,-0.1,0
371Q,-0.1,0
372D,-0.1,0
372W,-0.1,0
378A,-0.1,0
389A,-0.1,0
390V,-0.1,0
394C,-0.1,0
394K,-0.1,0
396M,-0.1,0
399T,-0.1,0
405N,-0.1,0
407I,-0.1,0
408D,-0.1,0
408M,-0.1,0
408W,-0.1,0
411G,-0.1,0
414I,-0.1,0
415I,-0.1,0
419S,-0.1,0
438T,-0.1,0
444I,-0.1,0
444L,-0.1,0
444V,-0.1,0
445F,-0.1,0
445S,-0.1,0
459F,-0.1,0
459M,-0.1,0
464W,-0.1,0
471A,-0.1,0
472L,-0.1,0
475S,-0.1,0
479T,-0.1,0
482R,-0.1,0
494Y,-0.1,0
514Q,-0.1,0
523L,-0.1,0
524E,-0.1,0
526N,-0.1,0
529R,-0.1,0
331C,-0.09,0
332C,-0.09,0
334Y,-0.09,0
337A,-0.09,0
337H,-0.09,0
339W,-0.09,0
340A,-0.09,0
345E,-0.09,0
362A,-0.09,0
362C,-0.09,0
363C,-0.09,0
366I,-0.09,0
367C,-0.09,0
369G,-0.09,0
369N,-0.09,0
371A,-0.09,0
372F,-0.09,0
376W,-0.09,0
376Y,-0.09,0
378V,-0.09,0
384S,-0.09,0
388E,-0.09,0
388H,-0.09,0
390G,-0.09,0
390N,-0.09,0
391S,-0.09,0
391V,-0.09,0
393I,-0.09,0
393Y,-0.09,0
408C,-0.09,0
408I,-0.09,0
411E,-0.09,0
415M,-0.09,0
415V,-0.09,0
415Y,-0.09,0
427Y,-0.09,0
428P,-0.09,0
440I,-0.09,0
444S,-0.09,0
446K,-0.09,0
451F,-0.09,0
458Y,-0.09,0
459I,-0.09,0
459Y,-0.09,0
460F,-0.09,0
460G,-0.09,0
462F,-0.09,0
462S,-0.09,0
468C,-0.09,0
469E,-0.09,0
470I,-0.09,0
470L,-0.09,0
470V,-0.09,0
481W,-0.09,0
490P,-0.09,0
493R,-0.09,0
503W,-0.09,0
514A,-0.09,0
518P,-0.09,0
523I,-0.09,0
332G,-0.08,0
333S,-0.08,0
335G,-0.08,0
335V,-0.08,0
351F,-0.08,0
352K,-0.08,0
353F,-0.08,0
357H,-0.08,0
359F,-0.08,0
359G,-0.08,0
359Y,-0.08,0
366L,-0.08,0
369F,-0.08,0
372Q,-0.08,0
373P,-0.08,0
376K,-0.08,0
380W,-0.08,0
383H,-0.08,0
383P,-0.08,0
386I,-0.08,0
386V,-0.08,0
388S,-0.08,0
389R,-0.08,0
390R,-0.08,0
391A,-0.08,0
391T,-0.08,0
392L,-0.08,0
392M,-0.08,0
393V,-0.08,0
394D,-0.08,0
394G,-0.08,0
394P,-0.08,0
394R,-0.08,0
394W,-0.08,0
405M,-0.08,0
408G,-0.08,0
411Q,-0.08,0
413R,-0.08,0
417Y,-0.08,0
424H,-0.08,0
427T,-0.08,0
428S,-0.08,0
434M,-0.08,0
440Q,-0.08,0
444Y,-0.08,0
450H,-0.08,0
460S,-0.08,0
462D,-0.08,0
462N,-0.08,0
462V,-0.08,0
462Y,-0.08,0
466Q,-0.08,0
468D,-0.08,0
469N,-0.08,0
469Q,-0.08,0
471G,-0.08,0
474E,-0.08,0
478F,-0.08,0
478L,-0.08,0
479Y,-0.08,0
481E,-0.08,0
481F,-0.08,0
481G,-0.08,0
481Y,-0.08,0
482A,-0.08,0
482S,-0.08,0
483S,-0.08,0
484N,-0.08,0
490D,-0.08,0
490G,-0.08,0
490V,-0.08,0
493I,-0.08,0
493T,-0.08,0
501I,-0.08,0
503N,-0.08,0
516H,-0.08,0
516W,-0.08,0
517A,-0.08,0
520V,-0.08,0
521K,-0.08,0
521M,-0.08,0
525R,-0.08,0
525T,-0.08,0
526D,-0.08,0
526R,-0.08,0
526W,-0.08,0
529N,-0.08,0
331I,-0.07,0
333G,-0.07,0
333H,-0.07,0
333Y,-0.07,0
334V,-0.07,0
345K,-0.07,0
348D,-0.07,0
354H,-0.07,0
356L,-0.07,0
357M,-0.07,0
357T,-0.07,0
359V,-0.07,0
369H,-0.07,0
373C,-0.07,0
373V,-0.07,0
376I,-0.07,0
376S,-0.07,0
377W,-0.07,0
381K,-0.07,0
383L,-0.07,0
383Y,-0.07,0
386L,-0.07,0
388A,-0.07,0
388M,-0.07,0
388R,-0.07,0
389K,-0.07,0
390C,-0.07,0
390Q,-0.07,0
391E,-0.07,0
391N,-0.07,0
391P,-0.07,0
391R,-0.07,0
393H,-0.07,0
394F,-0.07,0
396N,-0.07,0
405A,-0.07,0
406D,-0.07,0
408Q,-0.07,0
413M,-0.07,0
413Y,-0.07,0
424R,-0.07,0
428H,-0.07,0
428T,-0.07,0
430Q,-0.07,0
434V,-0.07,0
435S,-0.07,0
440L,-0.07,0
440Y,-0.07,0
441F,-0.07,0
444E,-0.07,0
450S,-0.07,0
452Y,-0.07,0
453H,-0.07,0
458G,-0.07,0
460C,-0.07,0
462A,-0.07,0
462L,-0.07,0
463A,-0.07,0
464H,-0.07,0
468S,-0.07,0
470C,-0.07,0
470D,-0.07,0
470M,-0.07,0
470Y,-0.07,0
471F,-0.07,0
471H,-0.07,0
477A,-0.07,0
477M,-0.07,0
478E,-0.07,0
479H,-0.07,0
479V,-0.07,0
481D,-0.07,0
484A,-0.07,0
494E,-0.07,0
503D,-0.07,0
503H,-0.07,0
517E,-0.07,0
517I,-0.07,0
519W,-0.07,0
522C,-0.07,0
524A,-0.07,0
525A,-0.07,0
525K,-0.07,0
525L,-0.07,0
526Q,-0.07,0
331Y,-0.06,0
333I,-0.06,0
333N,-0.06,0
334S,-0.06,0
345P,-0.06,0
346W,-0.06,0
348P,-0.06,0
352H,-0.06,0
352S,-0.06,0
354G,-0.06,0
357D,-0.06,0
357L,-0.06,0
357S,-0.06,0
357Y,-0.06,0
359K,-0.06,0
363L,-0.06,0
374Y,-0.06,0
375T,-0.06,0
376M,-0.06,0
376V,-0.06,0
378L,-0.06,0
382C,-0.06,0
383R,-0.06,0
384Y,-0.06,0
386D,-0.06,0
386G,-0.06,0
386R,-0.06,0
388G,-0.06,0
390H,-0.06,0
390I,-0.06,0
390K,-0.06,0
391K,-0.06,0
393D,-0.06,0
394Q,-0.06,0
394V,-0.06,0
396V,-0.06,0
397L,-0.06,0
403K,-0.06,0
408A,-0.06,0
408H,-0.06,0
408N,-0.06,0
408P,-0.06,0
408S,-0.06,0
413C,-0.06,0
413H,-0.06,0
414E,-0.06,0
415Q,-0.06,0
427I,-0.06,0
427S,-0.06,0
428E,-0.06,0
430V,-0.06,0
439L,-0.06,0
444R,-0.06,0
445N,-0.06,0
450R,-0.06,0
452C,-0.06,0
452W,-0.06,0
458V,-0.06,0
460D,-0.06,0
462G,-0.06,0
464M,-0.06,0
468K,-0.06,0
469A,-0.06,0
470H,-0.06,0
471Q,-0.06,0
471T,-0.06,0
471V,-0.06,0
474A,-0.06,0
477G,-0.06,0
477I,-0.06,0
478D,-0.06,0
478N,-0.06,0
478V,-0.06,0
479L,-0.06,0
479R,-0.06,0
481A,-0.06,0
482H,-0.06,0
482K,-0.06,0
484G,-0.06,0
498R,-0.06,0
501A,-0.06,0
501Q,-0.06,0
503A,-0.06,0
503C,-0.06,0
514G,-0.06,0
514N,-0.06,0
516N,-0.06,0
518F,-0.06,0
518W,-0.06,0
519F,-0.06,0
519L,-0.06,0
519R,-0.06,0
520F,-0.06,0
521N,-0.06,0
521V,-0.06,0
524I,-0.06,0
525V,-0.06,0
526A,-0.06,0
526F,-0.06,0
528I,-0.06,0
528Y,-0.06,0
529E,-0.06,0
530G,-0.06,0
531F,-0.06,0
331L,-0.05,0
332K,-0.05,0
333V,-0.05,0
334M,-0.05,0
335W,-0.05,0
337K,-0.05,0
338Y,-0.05,0
339Q,-0.05,0
339T,-0.05,0
340Q,-0.05,0
352R,-0.05,0
357Q,-0.05,0
359C,-0.05,0
362E,-0.05,0
362H,-0.05,0
365I,-0.05,0
366V,-0.05,0
367D,-0.05,0
368F,-0.05,0
369W,-0.05,0
370R,-0.05,0
371E,-0.05,0
371N,-0.05,0
372K,-0.05,0
382L,-0.05,0
383Q,-0.05,0
384T,-0.05,0
386M,-0.05,0
388Q,-0.05,0
389G,-0.05,0
389N,-0.05,0
390A,-0.05,0
391H,-0.05,0
392I,-0.05,0
393Q,-0.05,0
393R,-0.05,0
394M,-0.05,0
396I,-0.05,0
402L,-0.05,0
420K,-0.05,0
420R,-0.05,0
427G,-0.05,0
434L,-0.05,0
440P,-0.05,0
441W,-0.05,0
444H,-0.05,0
444W,-0.05,0
450G,-0.05,0
453M,-0.05,0
460L,-0.05,0
462R,-0.05,0
462T,-0.05,0
469G,-0.05,0
477F,-0.05,0
477V,-0.05,0
479M,-0.05,0
479N,-0.05,0
481L,-0.05,0
483C,-0.05,0
483Y,-0.05,0
490H,-0.05,0
490W,-0.05,0
498A,-0.05,0
515M,-0.05,0
516Q,-0.05,0
517H,-0.05,0
519Y,-0.05,0
520M,-0.05,0
520N,-0.05,0
522L,-0.05,0
525D,-0.05,0
525I,-0.05,0
530R,-0.05,0
331G,-0.04,0
331V,-0.04,0
332S,-0.04,0
334T,-0.04,0
346L,-0.04,0
352N,-0.04,0
354A,-0.04,0
354D,-0.04,0
356I,-0.04,0
357C,-0.04,0
357I,-0.04,0
360H,-0.04,0
360P,-0.04,0
367G,-0.04,0
367R,-0.04,0
368I,-0.04,0
369K,-0.04,0
370D,-0.04,0
370G,-0.04,0
370K,-0.04,0
372M,-0.04,0
373D,-0.04,0
373K,-0.04,0
373W,-0.04,0
375D,-0.04,0
376L,-0.04,0
378E,-0.04,0
380F,-0.04,0
383M,-0.04,0
385I,-0.04,0
385K,-0.04,0
385P,-0.04,0
385V,-0.04,0
388P,-0.04,0
389Y,-0.04,0
390E,-0.04,0
390F,-0.04,0
392C,-0.04,0
394T,-0.04,0
414K,-0.04,0
414R,-0.04,0
415A,-0.04,0
425I,-0.04,0
425V,-0.04,0
427K,-0.04,0
427M,-0.04,0
428K,-0.04,0
434W,-0.04,0
439V,-0.04,0
440E,-0.04,0
444M,-0.04,0
445A,-0.04,0
445Q,-0.04,0
458M,-0.04,0
458S,-0.04,0
460M,-0.04,0
460Y,-0.04,0
461V,-0.04,0
462M,-0.04,0
464Y,-0.04,0
468L,-0.04,0
470A,-0.04,0
471S,-0.04,0
474N,-0.04,0
477E,-0.04,0
478I,-0.04,0
478R,-0.04,0
478Y,-0.04,0
479G,-0.04,0
481Q,-0.04,0
481S,-0.04,0
483G,-0.04,0
490T,-0.04,0
517N,-0.04,0
520S,-0.04,0
521A,-0.04,0
522D,-0.04,0
522Q,-0.04,0
525S,-0.04,0
526V,-0.04,0
529T,-0.04,0
530Q,-0.04,0
331A,-0.03,0
331P,-0.03,0
331S,-0.03,0
332T,-0.03,0
332W,-0.03,0
332Y,-0.03,0
334A,-0.03,0
334G,-0.03,0
334K,-0.03,0
335F,-0.03,0
335H,-0.03,0
335K,-0.03,0
337N,-0.03,0
338L,-0.03,0
339E,-0.03,0
339Y,-0.03,0
352D,-0.03,0
352E,-0.03,0
352Q,-0.03,0
357N,-0.03,0
359R,-0.03,0
360D,-0.03,0
362L,-0.03,0
362Q,-0.03,0
366A,-0.03,0
367I,-0.03,0
369R,-0.03,0
369S,-0.03,0
370H,-0.03,0
371T,-0.03,0
373A,-0.03,0
375Q,-0.03,0
378D,-0.03,0
381R,-0.03,0
384H,-0.03,0
385W,-0.03,0
386A,-0.03,0
389H,-0.03,0
392P,-0.03,0
393K,-0.03,0
393N,-0.03,0
395C,-0.03,0
395L,-0.03,0
396W,-0.03,0
405Q,-0.03,0
407L,-0.03,0
413F,-0.03,0
427P,-0.03,0
427V,-0.03,0
439R,-0.03,0
440F,-0.03,0
440R,-0.03,0
441D,-0.03,0
441E,-0.03,0
441M,-0.03,0
441Q,-0.03,0
444T,-0.03,0
445L,-0.03,0
445W,-0.03,0
459A,-0.03,0
459Q,-0.03,0
460E,-0.03,0
466K,-0.03,0
468N,-0.03,0
468V,-0.03,0
469D,-0.03,0
470R,-0.03,0
471N,-0.03,0
477R,-0.03,0
478A,-0.03,0
479D,-0.03,0
479K,-0.03,0
479Q,-0.03,0
479S,-0.03,0
482E,-0.03,0
483A,-0.03,0
483E,-0.03,0
483I,-0.03,0
490M,-0.03,0
493C,-0.03,0
494M,-0.03,0
514V,-0.03,0
517C,-0.03,0
518H,-0.03,0
520L,-0.03,0
520R,-0.03,0
521T,-0.03,0
522S,-0.03,0
522V,-0.03,0
523A,-0.03,0
525M,-0.03,0
531C,-0.03,0
331H,-0.02,0
331M,-0.02,0
331R,-0.02,0
332D,-0.02,0
332Q,-0.02,0
333M,-0.02,0
334H,-0.02,0
335I,-0.02,0
335Q,-0.02,0
335Y,-0.02,0
345S,-0.02,0
346A,-0.02,0
346F,-0.02,0
346M,-0.02,0
352M,-0.02,0
356M,-0.02,0
359A,-0.02,0
359T,-0.02,0
362K,-0.02,0
363Q,-0.02,0
366M,-0.02,0
367P,-0.02,0
367Y,-0.02,0
370S,-0.02,0
370T,-0.02,0
373F,-0.02,0
373I,-0.02,0
373L,-0.02,0
374W,-0.02,0
376H,-0.02,0
378N,-0.02,0
381N,-0.02,0
384E,-0.02,0
384M,-0.02,0
385G,-0.02,0
389Q,-0.02,0
389T,-0.02,0
391Q,-0.02,0
392A,-0.02,0
393E,-0.02,0
394E,-0.02,0
394Y,-0.02,0
396F,-0.02,0
396T,-0.02,0
405F,-0.02,0
415G,-0.02,0
415N,-0.02,0
420N,-0.02,0
421F,-0.02,0
427R,-0.02,0
430H,-0.02,0
440D,-0.02,0
440T,-0.02,0
440V,-0.02,0
445H,-0.02,0
445T,-0.02,0
450D,-0.02,0
450M,-0.02,0
459H,-0.02,0
459K,-0.02,0
462Q,-0.02,0
464G,-0.02,0
465Q,-0.02,0
470K,-0.02,0
470N,-0.02,0
470S,-0.02,0
476S,-0.02,0
477H,-0.02,0
477L,-0.02,0
477Y,-0.02,0
478H,-0.02,0
478M,-0.02,0
479A,-0.02,0
481H,-0.02,0
481M,-0.02,0
482D,-0.02,0
482N,-0.02,0
483D,-0.02,0
484S,-0.02,0
485K,-0.02,0
490Q,-0.02,0
494N,-0.02,0
514W,-0.02,0
516D,-0.02,0
517D,-0.02,0
517F,-0.02,0
517V,-0.02,0
518Y,-0.02,0
520D,-0.02,0
520K,-0.02,0
520Q,-0.02,0
520Y,-0.02,0
522R,-0.02,0
522W,-0.02,0
523K,-0.02,0
523N,-0.02,0
523S,-0.02,0
524G,-0.02,0
525E,-0.02,0
525F,-0.02,0
525N,-0.02,0
525Y,-0.02,0
526S,-0.02,0
526Y,-0.02,0
528A,-0.02,0
528E,-0.02,0
528T,-0.02,0
528W,-0.02,0
529H,-0.02,0
530K,-0.02,0
531W,-0.02,0
331K,-0.01,0
333A,-0.01,0
333D,-0.01,0
333K,-0.01,0
333L,-0.01,0
335R,-0.01,0
337E,-0.01,0
346I,-0.01,0
346K,-0.01,0
346Q,-0.01,0
357A,-0.01,0
358M,-0.01,0
358Y,-0.01,0
359D,-0.01,0
359H,-0.01,0
360G,-0.01,0
362F,-0.01,0
365W,-0.01,0
366R,-0.01,0
366T,-0.01,0
367T,-0.01,0
369A,-0.01,0
373E,-0.01,0
373G,-0.01,0
373H,-0.01,0
373R,-0.01,0
373Y,-0.01,0
376Q,-0.01,0
378Q,-0.01,0
382F,-0.01,0
383A,-0.01,0
383V,-0.01,0
385D,-0.01,0
385F,-0.01,0
385L,-0.01,0
385S,-0.01,0
386T,-0.01,0
392T,-0.01,0
414G,-0.01,0
420Q,-0.01,0
434Y,-0.01,0
438A,-0.01,0
440G,-0.01,0
441K,-0.01,0
444A,-0.01,0
445I,-0.01,0
445R,-0.01,0
452F,-0.01,0
455I,-0.01,0
458A,-0.01,0
458R,-0.01,0
459R,-0.01,0
460P,-0.01,0
461I,-0.01,0
462E,-0.01,0
477Q,-0.01,0
477T,-0.01,0
478S,-0.01,0
483F,-0.01,0
483M,-0.01,0
493H,-0.01,0
494Q,-0.01,0
494T,-0.01,0
503F,-0.01,0
503Q,-0.01,0
503Y,-0.01,0
514H,-0.01,0
514I,-0.01,0
517G,-0.01,0
517Q,-0.01,0
517Y,-0.01,0
519K,-0.01,0
521R,-0.01,0
522E,-0.01,0
522I,-0.01,0
523G,-0.01,0
523P,-0.01,0
523Y,-0.01,0
524L,-0.01,0
526E,-0.01,0
526P,-0.01,0
527H,-0.01,0
528C,-0.01,0
528H,-0.01,0
528R,-0.01,0
528S,-0.01,0
529L,-0.01,0
530C,-0.01,0
530D,-0.01,0
530T,-0.01,0
530W,-0.01,0
531D,-0.01,0
531I,-0.01,0
531K,-0.01,0
531M,-0.01,0
531N,-0.01,0
531Q,-0.01,0
531R,-0.01,0
531Y,-0.01,0
331E,0,0
331N,0,0
332A,0,0
332I,0,0
332L,0,0
332M,0,0
332N,0,0
332R,0,0
332V,0,0
333R,0,0
333T,0,0
334N,0,0
334R,0,0
335D,0,0
335L,0,0
336C,0,0
337P,0,0
338F,0,0
339A,0,0
339G,0,0
340E,0,0
341V,0,0
342F,0,0
343N,0,0
344A,0,0
345T,0,0
346E,0,0
346R,0,0
347F,0,0
347W,0,0
348A,0,0
348H,0,0
348N,0,0
349S,0,0
350V,0,0
351Y,0,0
352A,0,0
353W,0,0
354E,0,0
354N,0,0
354Q,0,0
355R,0,0
356K,0,0
357R,0,0
358I,0,0
358L,0,0
359S,0,0
360N,0,0
361C,0,0
362R,0,0
362V,0,0
362W,0,0
362Y,0,0
363A,0,0
364D,0,0
365F,0,0
365L,0,0
365Y,0,0
366G,0,0
366K,0,0
366S,0,0
367V,0,0
368L,0,0
369V,0,0
369Y,0,0
370E,0,0
370N,0,0
371S,0,0
372A,0,0
372G,0,0
373S,0,0
373T,0,0
374F,0,0
375S,0,0
376T,0,0
377F,0,0
378K,0,0
379C,0,0
380Y,0,0
381G,0,0
382I,0,0
382V,0,0
383N,0,0
383S,0,0
384P,0,0
385A,0,0
385T,0,0
385Y,0,0
386K,0,0
387L,0,0
388N,0,0
389D,0,0
390L,0,0
391C,0,0
392F,0,0
392V,0,0
393S,0,0
393T,0,0
394H,0,0
394N,0,0
395I,0,0
395V,0,0
396Y,0,0
397A,0,0
398D,0,0
399S,0,0
400F,0,0
401V,0,0
402I,0,0
403R,0,0
404G,0,0
405D,0,0
406E,0,0
406H,0,0
407V,0,0
408K,0,0
408R,0,0
409Q,0,0
410I,0,0
411A,0,0
412P,0,0
413G,0,0
414Q,0,0
414S,0,0
415K,0,0
415T,0,0
416G,0,0
417K,0,0
418I,0,0
419A,0,0
420D,0,0
421Y,0,0
422N,0,0
423Y,0,0
424K,0,0
425L,0,0
426P,0,0
427D,0,0
427H,0,0
427L,0,0
427N,0,0
428D,0,0
429F,0,0
430C,0,0
430R,0,0
430T,0,0
430Y,0,0
431G,0,0
432C,0,0
433V,0,0
434I,0,0
435A,0,0
436W,0,0
437N,0,0
438S,0,0
439N,0,0
440M,0,0
440N,0,0
441L,0,0
442D,0,0
443S,0,0
444K,0,0
445V,0,0
446G,0,0
447G,0,0
448N,0,0
449Y,0,0
450A,0,0
450N,0,0
451Y,0,0
452H,0,0
452I,0,0
452L,0,0
453Y,0,0
454R,0,0
455L,0,0
456F,0,0
457R,0,0
458H,0,0
458K,0,0
458Q,0,0
458T,0,0
459S,0,0
459V,0,0
460N,0,0
461L,0,0
462K,0,0
463P,0,0
464F,0,0
465E,0,0
466R,0,0
467D,0,0
468I,0,0
468Q,0,0
469S,0,0
470T,0,0
471E,0,0
472I,0,0
473Y,0,0
474Q,0,0
475A,0,0
476G,0,0
477S,0,0
478T,0,0
479P,0,0
480C,0,0
481N,0,0
482G,0,0
483H,0,0
483V,0,0
484E,0,0
485G,0,0
486F,0,0
487N,0,0
488C,0,0
489Y,0,0
490F,0,0
490S,0,0
491P,0,0
492L,0,0
493Q,0,0
494P,0,0
494S,0,0
495Y,0,0
496G,0,0
497F,0,0
498Q,0,0
499P,0,0
500T,0,0
501H,0,0
501M,0,0
501N,0,0
502G,0,0
503V,0,0
504G,0,0
505Y,0,0
506Q,0,0
507P,0,0
508Y,0,0
509R,0,0
510V,0,0
511V,0,0
512V,0,0
513L,0,0
514S,0,0
515F,0,0
516E,0,0
517L,0,0
517S,0,0
517T,0,0
518C,0,0
518E,0,0
518G,0,0
518I,0,0
518K,0,0
518L,0,0
518M,0,0
518Q,0,0
518T,0,0
519D,0,0
519G,0,0
519H,0,0
519Q,0,0
520A,0,0
520T,0,0
521D,0,0
521E,0,0
521H,0,0
521P,0,0
521Q,0,0
522A,0,0
522F,0,0
522G,0,0
522N,0,0
522Y,0,0
523H,0,0
523Q,0,0
523R,0,0
523T,0,0
523V,0,0
524V,0,0
525C,0,0
526G,0,0
526H,0,0
526K,0,0
527C,0,0
527P,0,0
528D,0,0
528G,0,0
528K,0,0
528L,0,0
528Q,0,0
529A,0,0
529K,0,0
529W,0,0
529Y,0,0
530A,0,0
530H,0,0
530S,0,0
531A,0,0
531T,0,0
331Q,0.01,1
334E,0.01,1
334Q,0.01,1
335M,0.01,1
335S,0.01,1
339H,0.01,1
340D,0.01,1
346D,0.01,1
348S,0.01,1
356V,0.01,1
357E,0.01,1
357V,0.01,1
366Q,0.01,1
369Q,0.01,1
371D,0.01,1
372E,0.01,1
373M,0.01,1
383K,0.01,1
384A,0.01,1
384L,0.01,1
385H,0.01,1
385M,0.01,1
385N,0.01,1
386H,0.01,1
386Q,0.01,1
390Y,0.01,1
394A,0.01,1
394S,0.01,1
402V,0.01,1
405S,0.01,1
414T,0.01,1
414V,0.01,1
415S,0.01,1
428N,0.01,1
430L,0.01,1
440A,0.01,1
444Q,0.01,1
452N,0.01,1
459D,0.01,1
459E,0.01,1
459T,0.01,1
470E,0.01,1
471D,0.01,1
478Q,0.01,1
481K,0.01,1
490R,0.01,1
493G,0.01,1
503R,0.01,1
514T,0.01,1
518V,0.01,1
519V,0.01,1
520H,0.01,1
522K,0.01,1
522M,0.01,1
523F,0.01,1
526T,0.01,1
527D,0.01,1
527I,0.01,1
527N,0.01,1
528M,0.01,1
528V,0.01,1
529C,0.01,1
529I,0.01,1
529P,0.01,1
529S,0.01,1
530V,0.01,1
531E,0.01,1
531G,0.01,1
531L,0.01,1
531P,0.01,1
531S,0.01,1
531V,0.01,1
333Q,0.02,1
335T,0.02,1
339N,0.02,1
339S,0.02,1
341I,0.02,1
354T,0.02,1
366E,0.02,1
367E,0.02,1
367H,0.02,1
367L,0.02,1
367N,0.02,1
367Q,0.02,1
367S,0.02,1
369T,0.02,1
370Q,0.02,1
383D,0.02,1
384F,0.02,1
384I,0.02,1
386E,0.02,1
390M,0.02,1
392W,0.02,1
392Y,0.02,1
427E,0.02,1
440H,0.02,1
441I,0.02,1
445K,0.02,1
450Q,0.02,1
452E,0.02,1
452G,0.02,1
452R,0.02,1
452V,0.02,1
460H,0.02,1
460I,0.02,1
460Q,0.02,1
472M,0.02,1
477W,0.02,1
478K,0.02,1
479E,0.02,1
481R,0.02,1
490N,0.02,1
508F,0.02,1
519A,0.02,1
519E,0.02,1
519P,0.02,1
519T,0.02,1
520P,0.02,1
521G,0.02,1
522T,0.02,1
526M,0.02,1
527A,0.02,1
527E,0.02,1
527F,0.02,1
527G,0.02,1
527T,0.02,1
528N,0.02,1
529Q,0.02,1
530I,0.02,1
530L,0.02,1
530P,0.02,1
530Y,0.02,1
531H,0.02,1
331D,0.03,1
333P,0.03,1
335N,0.03,1
346N,0.03,1
354K,0.03,1
356R,0.03,1
362M,0.03,1
365M,0.03,1
366H,0.03,1
372R,0.03,1
384Q,0.03,1
384R,0.03,1
384V,0.03,1
384W,0.03,1
385Q,0.03,1
388D,0.03,1
389E,0.03,1
393A,0.03,1
430F,0.03,1
430I,0.03,1
430K,0.03,1
430M,0.03,1
434F,0.03,1
441V,0.03,1
445P,0.03,1
452S,0.03,1
452T,0.03,1
458P,0.03,1
459N,0.03,1
460A,0.03,1
469T,0.03,1
470Q,0.03,1
477K,0.03,1
483N,0.03,1
484Q,0.03,1
490A,0.03,1
492I,0.03,1
494A,0.03,1
503L,0.03,1
518N,0.03,1
520E,0.03,1
522H,0.03,1
527R,0.03,1
527S,0.03,1
527Y,0.03,1
529D,0.03,1
529F,0.03,1
529G,0.03,1
529M,0.03,1
332H,0.04,1
335A,0.04,1
338W,0.04,1
346S,0.04,1
354S,0.04,1
356T,0.04,1
359N,0.04,1
362I,0.04,1
367M,0.04,1
369I,0.04,1
384K,0.04,1
386N,0.04,1
386S,0.04,1
389S,0.04,1
395M,0.04,1
414M,0.04,1
427A,0.04,1
439K,0.04,1
440S,0.04,1
450K,0.04,1
482Q,0.04,1
517K,0.04,1
518A,0.04,1
518D,0.04,1
521S,0.04,1
522P,0.04,1
527L,0.04,1
527V,0.04,1
530F,0.04,1
354R,0.05,1
357K,0.05,1
366D,0.05,1
367K,0.05,1
369L,0.05,1
373Q,0.05,1
383I,0.05,1
415H,0.05,1
415R,0.05,1
452A,0.05,1
455M,0.05,1
459G,0.05,1
460V,0.05,1
483K,0.05,1
483Q,0.05,1
483R,0.05,1
484T,0.05,1
493K,0.05,1
493L,0.05,1
493V,0.05,1
494K,0.05,1
494R,0.05,1
503I,0.05,1
519N,0.05,1
519S,0.05,1
520G,0.05,1
527K,0.05,1
530E,0.05,1
530M,0.05,1
331T,0.06,1
332P,0.06,1
335E,0.06,1
335P,0.06,1
337D,0.06,1
339D,0.06,1
346T,0.06,1
346V,0.06,1
363W,0.06,1
369M,0.06,1
383T,0.06,1
385E,0.06,1
452M,0.06,1
458E,0.06,1
460R,0.06,1
477N,0.06,1
477P,0.06,1
483L,0.06,1
484K,0.06,1
490Y,0.06,1
493F,0.06,1
494H,0.06,1
517R,0.06,1
334D,0.07,1
346Y,0.07,1
358W,0.07,1
367F,0.07,1
406Q,0.07,1
440K,0.07,1
452Q,0.07,1
468M,0.07,1
498W,0.07,1
508H,0.07,1
527Q,0.07,1
529V,0.07,1
332E,0.08,1
346H,0.08,1
359Q,0.08,1
362T,0.08,1
366N,0.08,1
378R,0.08,1
453K,0.08,1
530N,0.08,1
383E,0.09,1
452K,0.09,1
458D,0.09,1
460K,0.09,1
477D,0.09,1
490K,0.09,1
518S,0.09,1
358F,0.1,1
501T,0.1,1
503K,0.1,1
503M,0.1,1
367A,0.11,1
501W,0.11,1
527M,0.11,1
528F,0.11,1
493Y,0.12,1
493A,0.13,1
505W,0.13,1
517M,0.13,1
367W,0.14,1
484R,0.15,1
498F,0.15,1
501V,0.15,1
414A,0.16,1
498Y,0.16,1
493M,0.18,1
385R,0.19,1
501Y,0.24,1
453F,0.25,1
501F,0.29,1
498H,0.3,1